{
    "precision": 0.7086183310533516,
    "recall": 0.8131868131868132,
    "f1_score": 0.7573099415204679
}