{
    "debit_card_specializing": 0.7605633802816902,
    "student_club": 0.7288135593220338,
    "thrombosis_prediction": 0.5957446808510638,
    "european_football_2": 0.6333333333333333,
    "formula_1": 0.794392523364486,
    "superhero": 0.7702702702702702,
    "codebase_community": 0.8439306358381503,
    "card_games": 0.8794326241134751,
    "toxicology": 0.5688073394495413,
    "california_schools": 0.8767123287671232,
    "financial": 0.7850467289719627
}